{
    "$schema": "http://schema.management.azure.com/schemas/2015-01-01/deploymentTemplate.json#",
    "contentVersion": "1.0.0.0",
    "parameters": {
        "factoryName": {
            "type": "string",
            "metadata": "Data Factory name",
            "defaultValue": "CovidProjectTestDF"
        },
        "Event1_Population_Trigger_properties_typeProperties_scope": {
            "type": "string",
            "defaultValue": "/subscriptions/7d80735f-7dbb-41ac-8db9-6c5237f5912b/resourceGroups/CovidProject/providers/Microsoft.Storage/storageAccounts/covidblobstorage01"
        }
    },
    "variables": {
        "factoryId": "[concat('Microsoft.DataFactory/factories/', parameters('factoryName'))]"
    },
    "resources": [
        {
            "name": "[concat(parameters('factoryName'), '/Event1_Population_Trigger')]",
            "type": "Microsoft.DataFactory/factories/triggers",
            "apiVersion": "2018-06-01",
            "properties": {
                "annotations": [],
                "runtimeState": "Stopped",
                "pipelines": [
                    {
                        "pipelineReference": {
                            "referenceName": "CopyPipeline_jcr",
                            "type": "PipelineReference"
                        },
                        "parameters": {}
                    }
                ],
                "type": "BlobEventsTrigger",
                "typeProperties": {
                    "blobPathBeginsWith": "/coviddata/blobs/population_by_age.tsv",
                    "ignoreEmptyBlobs": true,
                    "scope": "[parameters('Event1_Population_Trigger_properties_typeProperties_scope')]",
                    "events": [
                        "Microsoft.Storage.BlobCreated"
                    ]
                }
            },
            "dependsOn": []
        },
        {
            "name": "[concat(parameters('factoryName'), '/Schedule_trigger1')]",
            "type": "Microsoft.DataFactory/factories/triggers",
            "apiVersion": "2018-06-01",
            "properties": {
                "annotations": [],
                "runtimeState": "Started",
                "pipelines": [
                    {
                        "pipelineReference": {
                            "referenceName": "ECDC_Covid_pl",
                            "type": "PipelineReference"
                        },
                        "parameters": {}
                    }
                ],
                "type": "ScheduleTrigger",
                "typeProperties": {
                    "recurrence": {
                        "frequency": "Day",
                        "interval": 1,
                        "startTime": "2024-04-04T00:12:00",
                        "endTime": "2024-04-09T16:09:15",
                        "timeZone": "Central Standard Time",
                        "schedule": {}
                    }
                }
            },
            "dependsOn": []
        }
    ]
}