{
    "$schema": "http://schema.management.azure.com/schemas/2015-01-01/deploymentTemplate.json#",
    "contentVersion": "1.0.0.0",
    "parameters": {
        "factoryName": {
            "type": "string",
            "metadata": "Data Factory name",
            "defaultValue": "CovidProjectTestDF"
        },
        "AzureBlobStorage1_connectionString": {
            "type": "secureString",
            "metadata": "Secure string for 'connectionString' of 'AzureBlobStorage1'"
        },
        "AzureDataLakeStorage1_accountKey": {
            "type": "secureString",
            "metadata": "Secure string for 'accountKey' of 'AzureDataLakeStorage1'"
        },
        "sample_ls_accountKey": {
            "type": "secureString",
            "metadata": "Secure string for 'accountKey' of 'sample_ls'"
        },
        "AzureDataLakeStorage2_accountKey": {
            "type": "secureString",
            "metadata": "Secure string for 'accountKey' of 'AzureDataLakeStorage2'"
        },
        "AzureDataLakeStorage1_properties_typeProperties_url": {
            "type": "string",
            "defaultValue": "https://coviddatalakegen2.dfs.core.windows.net/"
        },
        "HttpServer1_properties_typeProperties_url": {
            "type": "string",
            "defaultValue": "@{linkedService().BaseUrl}"
        },
        "sample_ls_properties_typeProperties_url": {
            "type": "string",
            "defaultValue": "https://coviddatalakegen2.dfs.core.windows.net/"
        },
        "AzureDataLakeStorage2_properties_typeProperties_url": {
            "type": "string",
            "defaultValue": "https://coviddatalakegen2.dfs.core.windows.net/"
        },
        "Event1_Population_Trigger_properties_typeProperties_scope": {
            "type": "string",
            "defaultValue": "/subscriptions/7d80735f-7dbb-41ac-8db9-6c5237f5912b/resourceGroups/CovidProject/providers/Microsoft.Storage/storageAccounts/covidblobstorage01"
        }
    },
    "variables": {
        "factoryId": "[concat('Microsoft.DataFactory/factories/', parameters('factoryName'))]"
    },
    "resources": [
        {
            "name": "[concat(parameters('factoryName'), '/AzureBlobStorage1')]",
            "type": "Microsoft.DataFactory/factories/linkedServices",
            "apiVersion": "2018-06-01",
            "properties": {
                "annotations": [],
                "type": "AzureBlobStorage",
                "typeProperties": {
                    "connectionString": "[parameters('AzureBlobStorage1_connectionString')]"
                }
            },
            "dependsOn": []
        },
        {
            "name": "[concat(parameters('factoryName'), '/AzureDataLakeStorage1')]",
            "type": "Microsoft.DataFactory/factories/linkedServices",
            "apiVersion": "2018-06-01",
            "properties": {
                "annotations": [],
                "type": "AzureBlobFS",
                "typeProperties": {
                    "url": "[parameters('AzureDataLakeStorage1_properties_typeProperties_url')]",
                    "accountKey": {
                        "type": "SecureString",
                        "value": "[parameters('AzureDataLakeStorage1_accountKey')]"
                    }
                }
            },
            "dependsOn": []
        },
        {
            "name": "[concat(parameters('factoryName'), '/HttpServer1')]",
            "type": "Microsoft.DataFactory/factories/linkedServices",
            "apiVersion": "2018-06-01",
            "properties": {
                "parameters": {
                    "BaseUrl": {
                        "type": "string"
                    },
                    "RelativeUrl": {
                        "type": "string"
                    }
                },
                "annotations": [],
                "type": "HttpServer",
                "typeProperties": {
                    "url": "[parameters('HttpServer1_properties_typeProperties_url')]",
                    "enableServerCertificateValidation": true,
                    "authenticationType": "Anonymous"
                }
            },
            "dependsOn": []
        },
        {
            "name": "[concat(parameters('factoryName'), '/sample_ls')]",
            "type": "Microsoft.DataFactory/factories/linkedServices",
            "apiVersion": "2018-06-01",
            "properties": {
                "annotations": [],
                "type": "AzureBlobFS",
                "typeProperties": {
                    "url": "[parameters('sample_ls_properties_typeProperties_url')]",
                    "accountKey": {
                        "type": "SecureString",
                        "value": "[parameters('sample_ls_accountKey')]"
                    }
                }
            },
            "dependsOn": []
        },
        {
            "name": "[concat(parameters('factoryName'), '/AzureDataLakeStorage2')]",
            "type": "Microsoft.DataFactory/factories/linkedServices",
            "apiVersion": "2018-06-01",
            "properties": {
                "annotations": [],
                "type": "AzureBlobFS",
                "typeProperties": {
                    "url": "[parameters('AzureDataLakeStorage2_properties_typeProperties_url')]",
                    "accountKey": {
                        "type": "SecureString",
                        "value": "[parameters('AzureDataLakeStorage2_accountKey')]"
                    }
                },
                "connectVia": {
                    "referenceName": "integrationRuntime1",
                    "type": "IntegrationRuntimeReference"
                }
            },
            "dependsOn": [
                "[concat(variables('factoryId'), '/integrationRuntimes/integrationRuntime1')]"
            ]
        },
        {
            "name": "[concat(parameters('factoryName'), '/CopyPipeline_jcr')]",
            "type": "Microsoft.DataFactory/factories/pipelines",
            "apiVersion": "2018-06-01",
            "properties": {
                "activities": [
                    {
                        "name": "check if  file exist",
                        "type": "Validation",
                        "dependsOn": [],
                        "userProperties": [],
                        "typeProperties": {
                            "dataset": {
                                "referenceName": "SourceDataset_jcr",
                                "type": "DatasetReference",
                                "parameters": {}
                            },
                            "timeout": "0.12:00:00",
                            "sleep": 10
                        }
                    },
                    {
                        "name": "Get Source File Metadata1",
                        "type": "GetMetadata",
                        "dependsOn": [
                            {
                                "activity": "check if  file exist",
                                "dependencyConditions": [
                                    "Completed"
                                ]
                            }
                        ],
                        "policy": {
                            "timeout": "0.01:01:00",
                            "retry": 0,
                            "retryIntervalInSeconds": 30,
                            "secureOutput": false,
                            "secureInput": false
                        },
                        "userProperties": [],
                        "typeProperties": {
                            "dataset": {
                                "referenceName": "SourceDataset_jcr",
                                "type": "DatasetReference",
                                "parameters": {}
                            },
                            "fieldList": [
                                "columnCount",
                                "exists",
                                "size"
                            ],
                            "storeSettings": {
                                "type": "AzureBlobStorageReadSettings",
                                "recursive": true,
                                "enablePartitionDiscovery": false
                            },
                            "formatSettings": {
                                "type": "DelimitedTextReadSettings",
                                "skipLineCount": 1
                            }
                        }
                    },
                    {
                        "name": "If Condition1",
                        "type": "IfCondition",
                        "dependsOn": [
                            {
                                "activity": "Get Source File Metadata1",
                                "dependencyConditions": [
                                    "Completed"
                                ]
                            }
                        ],
                        "userProperties": [],
                        "typeProperties": {
                            "expression": {
                                "value": "@equals(activity('Get Source File Metadata1').output.columnCount,13)",
                                "type": "Expression"
                            },
                            "ifTrueActivities": [
                                {
                                    "name": "Copy_jcr_copy1",
                                    "type": "Copy",
                                    "dependsOn": [],
                                    "policy": {
                                        "timeout": "0.12:00:00",
                                        "retry": 0,
                                        "retryIntervalInSeconds": 30,
                                        "secureOutput": false,
                                        "secureInput": false
                                    },
                                    "userProperties": [
                                        {
                                            "name": "Source",
                                            "value": "coviddata//population_by_age.tsv.gz"
                                        },
                                        {
                                            "name": "Destination",
                                            "value": "output//population_by_age.tsv"
                                        }
                                    ],
                                    "typeProperties": {
                                        "source": {
                                            "type": "DelimitedTextSource",
                                            "storeSettings": {
                                                "type": "AzureBlobStorageReadSettings",
                                                "recursive": true,
                                                "enablePartitionDiscovery": false
                                            },
                                            "formatSettings": {
                                                "type": "DelimitedTextReadSettings",
                                                "skipLineCount": 0
                                            }
                                        },
                                        "sink": {
                                            "type": "DelimitedTextSink",
                                            "storeSettings": {
                                                "type": "AzureBlobFSWriteSettings"
                                            },
                                            "formatSettings": {
                                                "type": "DelimitedTextWriteSettings",
                                                "quoteAllText": true,
                                                "fileExtension": ".txt"
                                            }
                                        },
                                        "enableStaging": false,
                                        "validateDataConsistency": false,
                                        "logSettings": {
                                            "enableCopyActivityLog": true,
                                            "copyActivityLogSettings": {
                                                "logLevel": "Warning",
                                                "enableReliableLogging": false
                                            },
                                            "logLocationSettings": {
                                                "linkedServiceName": {
                                                    "referenceName": "AzureDataLakeStorage1",
                                                    "type": "LinkedServiceReference"
                                                }
                                            }
                                        },
                                        "translator": {
                                            "type": "TabularTranslator",
                                            "typeConversion": true,
                                            "typeConversionSettings": {
                                                "allowDataTruncation": true,
                                                "treatBooleanAsNumber": false
                                            }
                                        }
                                    },
                                    "inputs": [
                                        {
                                            "referenceName": "SourceDataset_jcr",
                                            "type": "DatasetReference",
                                            "parameters": {}
                                        }
                                    ],
                                    "outputs": [
                                        {
                                            "referenceName": "DestinationDataset_jcr",
                                            "type": "DatasetReference",
                                            "parameters": {}
                                        }
                                    ]
                                },
                                {
                                    "name": "Delete1",
                                    "type": "Delete",
                                    "dependsOn": [
                                        {
                                            "activity": "Copy_jcr_copy1",
                                            "dependencyConditions": [
                                                "Succeeded"
                                            ]
                                        }
                                    ],
                                    "policy": {
                                        "timeout": "0.12:00:00",
                                        "retry": 0,
                                        "retryIntervalInSeconds": 30,
                                        "secureOutput": false,
                                        "secureInput": false
                                    },
                                    "userProperties": [],
                                    "typeProperties": {
                                        "dataset": {
                                            "referenceName": "SourceDataset_jcr",
                                            "type": "DatasetReference",
                                            "parameters": {}
                                        },
                                        "logStorageSettings": {
                                            "linkedServiceName": {
                                                "referenceName": "AzureBlobStorage1",
                                                "type": "LinkedServiceReference"
                                            },
                                            "path": "coviddata"
                                        },
                                        "enableLogging": true,
                                        "storeSettings": {
                                            "type": "AzureBlobStorageReadSettings",
                                            "recursive": true,
                                            "enablePartitionDiscovery": false
                                        }
                                    }
                                }
                            ]
                        }
                    }
                ],
                "policy": {
                    "elapsedTimeMetric": {}
                },
                "annotations": [],
                "lastPublishTime": "2024-04-03T02:52:49Z"
            },
            "dependsOn": [
                "[concat(variables('factoryId'), '/datasets/SourceDataset_jcr')]",
                "[concat(variables('factoryId'), '/datasets/DestinationDataset_jcr')]",
                "[concat(variables('factoryId'), '/linkedServices/AzureDataLakeStorage1')]",
                "[concat(variables('factoryId'), '/linkedServices/AzureBlobStorage1')]"
            ]
        },
        {
            "name": "[concat(parameters('factoryName'), '/ECDC_Covid_pl')]",
            "type": "Microsoft.DataFactory/factories/pipelines",
            "apiVersion": "2018-06-01",
            "properties": {
                "activities": [
                    {
                        "name": "Lookup1",
                        "type": "Lookup",
                        "dependsOn": [],
                        "policy": {
                            "timeout": "0.12:00:00",
                            "retry": 0,
                            "retryIntervalInSeconds": 30,
                            "secureOutput": false,
                            "secureInput": false
                        },
                        "userProperties": [],
                        "typeProperties": {
                            "source": {
                                "type": "JsonSource",
                                "storeSettings": {
                                    "type": "AzureBlobStorageReadSettings",
                                    "recursive": true,
                                    "enablePartitionDiscovery": false
                                },
                                "formatSettings": {
                                    "type": "JsonReadSettings"
                                }
                            },
                            "dataset": {
                                "referenceName": "Source_FIle_Jason",
                                "type": "DatasetReference",
                                "parameters": {}
                            },
                            "firstRowOnly": false
                        }
                    },
                    {
                        "name": "ForEach1",
                        "type": "ForEach",
                        "dependsOn": [
                            {
                                "activity": "Lookup1",
                                "dependencyConditions": [
                                    "Completed"
                                ]
                            }
                        ],
                        "userProperties": [],
                        "typeProperties": {
                            "items": {
                                "value": "@activity('Lookup1').output.value",
                                "type": "Expression"
                            },
                            "activities": [
                                {
                                    "name": "Copy data1_copy1",
                                    "type": "Copy",
                                    "dependsOn": [],
                                    "policy": {
                                        "timeout": "0.12:00:00",
                                        "retry": 0,
                                        "retryIntervalInSeconds": 30,
                                        "secureOutput": false,
                                        "secureInput": false
                                    },
                                    "userProperties": [],
                                    "typeProperties": {
                                        "source": {
                                            "type": "DelimitedTextSource",
                                            "storeSettings": {
                                                "type": "HttpReadSettings",
                                                "requestMethod": "GET"
                                            },
                                            "formatSettings": {
                                                "type": "DelimitedTextReadSettings"
                                            }
                                        },
                                        "sink": {
                                            "type": "DelimitedTextSink",
                                            "storeSettings": {
                                                "type": "AzureBlobFSWriteSettings",
                                                "copyBehavior": "PreserveHierarchy"
                                            },
                                            "formatSettings": {
                                                "type": "DelimitedTextWriteSettings",
                                                "quoteAllText": true,
                                                "fileExtension": ".txt"
                                            }
                                        },
                                        "enableStaging": false,
                                        "translator": {
                                            "type": "TabularTranslator",
                                            "typeConversion": true,
                                            "typeConversionSettings": {
                                                "allowDataTruncation": true,
                                                "treatBooleanAsNumber": false
                                            }
                                        }
                                    },
                                    "inputs": [
                                        {
                                            "referenceName": "SourceFiles",
                                            "type": "DatasetReference",
                                            "parameters": {
                                                "BaseUrl": {
                                                    "value": "@item().sourceBaseURL",
                                                    "type": "Expression"
                                                },
                                                "RelativeUrl": {
                                                    "value": "@item().sourceRelativeURL",
                                                    "type": "Expression"
                                                }
                                            }
                                        }
                                    ],
                                    "outputs": [
                                        {
                                            "referenceName": "DestinationFiles",
                                            "type": "DatasetReference",
                                            "parameters": {
                                                "Destination_Filename": {
                                                    "value": "@item().sinkFileName",
                                                    "type": "Expression"
                                                }
                                            }
                                        }
                                    ]
                                }
                            ]
                        }
                    }
                ],
                "policy": {
                    "elapsedTimeMetric": {}
                },
                "annotations": [],
                "lastPublishTime": "2024-04-04T05:50:03Z"
            },
            "dependsOn": [
                "[concat(variables('factoryId'), '/datasets/Source_FIle_Jason')]",
                "[concat(variables('factoryId'), '/datasets/SourceFiles')]",
                "[concat(variables('factoryId'), '/datasets/DestinationFiles')]"
            ]
        },
        {
            "name": "[concat(parameters('factoryName'), '/pl_df_cases_and_deaths')]",
            "type": "Microsoft.DataFactory/factories/pipelines",
            "apiVersion": "2018-06-01",
            "properties": {
                "activities": [
                    {
                        "name": "Cases_and_Deaths",
                        "type": "ExecuteDataFlow",
                        "dependsOn": [],
                        "policy": {
                            "timeout": "0.12:00:00",
                            "retry": 0,
                            "retryIntervalInSeconds": 30,
                            "secureOutput": false,
                            "secureInput": false
                        },
                        "userProperties": [],
                        "typeProperties": {
                            "dataflow": {
                                "referenceName": "Df_covid_Proj",
                                "type": "DataFlowReference",
                                "parameters": {},
                                "datasetParameters": {
                                    "source1": {},
                                    "source2": {},
                                    "sink1": {}
                                }
                            },
                            "staging": {},
                            "compute": {
                                "coreCount": 8,
                                "computeType": "General"
                            },
                            "traceLevel": "Fine"
                        }
                    }
                ],
                "policy": {
                    "elapsedTimeMetric": {}
                },
                "annotations": [],
                "lastPublishTime": "2024-04-08T01:57:28Z"
            },
            "dependsOn": [
                "[concat(variables('factoryId'), '/dataflows/Df_covid_Proj')]"
            ]
        },
        {
            "name": "[concat(parameters('factoryName'), '/integrationRuntime1')]",
            "type": "Microsoft.DataFactory/factories/integrationRuntimes",
            "apiVersion": "2018-06-01",
            "properties": {
                "type": "Managed",
                "typeProperties": {
                    "computeProperties": {
                        "location": "AutoResolve",
                        "dataFlowProperties": {
                            "computeType": "General",
                            "coreCount": 8,
                            "timeToLive": 10,
                            "cleanup": false,
                            "customProperties": []
                        }
                    }
                }
            },
            "dependsOn": []
        },
        {
            "name": "[concat(parameters('factoryName'), '/DestinationDataset_jcr')]",
            "type": "Microsoft.DataFactory/factories/datasets",
            "apiVersion": "2018-06-01",
            "properties": {
                "linkedServiceName": {
                    "referenceName": "AzureDataLakeStorage1",
                    "type": "LinkedServiceReference"
                },
                "annotations": [],
                "type": "DelimitedText",
                "typeProperties": {
                    "location": {
                        "type": "AzureBlobFSLocation",
                        "fileName": "population_by_age.tsv",
                        "fileSystem": "output"
                    },
                    "columnDelimiter": "\t",
                    "escapeChar": "\\",
                    "firstRowAsHeader": true,
                    "quoteChar": "\""
                },
                "schema": []
            },
            "dependsOn": [
                "[concat(variables('factoryId'), '/linkedServices/AzureDataLakeStorage1')]"
            ]
        },
        {
            "name": "[concat(parameters('factoryName'), '/SourceDataset_jcr')]",
            "type": "Microsoft.DataFactory/factories/datasets",
            "apiVersion": "2018-06-01",
            "properties": {
                "linkedServiceName": {
                    "referenceName": "AzureBlobStorage1",
                    "type": "LinkedServiceReference"
                },
                "annotations": [],
                "type": "DelimitedText",
                "typeProperties": {
                    "location": {
                        "type": "AzureBlobStorageLocation",
                        "fileName": "population_by_age.tsv.gz",
                        "container": "coviddata"
                    },
                    "columnDelimiter": "\t",
                    "rowDelimiter": "\n",
                    "compressionCodec": "gzip",
                    "compressionLevel": "Optimal",
                    "escapeChar": "\\",
                    "firstRowAsHeader": false,
                    "quoteChar": "\""
                },
                "schema": [
                    {
                        "type": "String"
                    },
                    {
                        "type": "String"
                    },
                    {
                        "type": "String"
                    },
                    {
                        "type": "String"
                    },
                    {
                        "type": "String"
                    },
                    {
                        "type": "String"
                    },
                    {
                        "type": "String"
                    },
                    {
                        "type": "String"
                    },
                    {
                        "type": "String"
                    },
                    {
                        "type": "String"
                    },
                    {
                        "type": "String"
                    },
                    {
                        "type": "String"
                    },
                    {
                        "type": "String"
                    }
                ]
            },
            "dependsOn": [
                "[concat(variables('factoryId'), '/linkedServices/AzureBlobStorage1')]"
            ]
        },
        {
            "name": "[concat(parameters('factoryName'), '/dataset_parquet')]",
            "type": "Microsoft.DataFactory/factories/datasets",
            "apiVersion": "2018-06-01",
            "properties": {
                "linkedServiceName": {
                    "referenceName": "AzureDataLakeStorage1",
                    "type": "LinkedServiceReference"
                },
                "annotations": [],
                "type": "Parquet",
                "typeProperties": {
                    "location": {
                        "type": "AzureBlobFSLocation",
                        "fileName": "coviddeath",
                        "folderPath": "ecdc_parquet",
                        "fileSystem": "output"
                    },
                    "compressionCodec": "snappy"
                },
                "schema": []
            },
            "dependsOn": [
                "[concat(variables('factoryId'), '/linkedServices/AzureDataLakeStorage1')]"
            ]
        },
        {
            "name": "[concat(parameters('factoryName'), '/SourceFiles')]",
            "type": "Microsoft.DataFactory/factories/datasets",
            "apiVersion": "2018-06-01",
            "properties": {
                "linkedServiceName": {
                    "referenceName": "HttpServer1",
                    "type": "LinkedServiceReference",
                    "parameters": {
                        "BaseUrl": {
                            "value": "@dataset().BaseUrl",
                            "type": "Expression"
                        },
                        "RelativeUrl": {
                            "value": "@dataset().RelativeUrl",
                            "type": "Expression"
                        }
                    }
                },
                "parameters": {
                    "BaseUrl": {
                        "type": "string"
                    },
                    "RelativeUrl": {
                        "type": "string"
                    }
                },
                "annotations": [],
                "type": "DelimitedText",
                "typeProperties": {
                    "location": {
                        "type": "HttpServerLocation"
                    },
                    "columnDelimiter": ",",
                    "escapeChar": "\\",
                    "firstRowAsHeader": true,
                    "quoteChar": "\""
                },
                "schema": []
            },
            "dependsOn": [
                "[concat(variables('factoryId'), '/linkedServices/HttpServer1')]"
            ]
        },
        {
            "name": "[concat(parameters('factoryName'), '/DestinationFiles')]",
            "type": "Microsoft.DataFactory/factories/datasets",
            "apiVersion": "2018-06-01",
            "properties": {
                "linkedServiceName": {
                    "referenceName": "AzureDataLakeStorage1",
                    "type": "LinkedServiceReference"
                },
                "parameters": {
                    "Destination_Filename": {
                        "type": "string"
                    }
                },
                "annotations": [],
                "type": "DelimitedText",
                "typeProperties": {
                    "location": {
                        "type": "AzureBlobFSLocation",
                        "fileName": {
                            "value": "@dataset().Destination_Filename",
                            "type": "Expression"
                        },
                        "folderPath": "ecdc",
                        "fileSystem": "output"
                    },
                    "columnDelimiter": ",",
                    "escapeChar": "\\",
                    "firstRowAsHeader": true,
                    "quoteChar": "\""
                },
                "schema": []
            },
            "dependsOn": [
                "[concat(variables('factoryId'), '/linkedServices/AzureDataLakeStorage1')]"
            ]
        },
        {
            "name": "[concat(parameters('factoryName'), '/Source_FIle_Jason')]",
            "type": "Microsoft.DataFactory/factories/datasets",
            "apiVersion": "2018-06-01",
            "properties": {
                "linkedServiceName": {
                    "referenceName": "AzureBlobStorage1",
                    "type": "LinkedServiceReference"
                },
                "annotations": [],
                "type": "Json",
                "typeProperties": {
                    "location": {
                        "type": "AzureBlobStorageLocation",
                        "fileName": "ecdc_file_list.json",
                        "container": "config"
                    }
                },
                "schema": {}
            },
            "dependsOn": [
                "[concat(variables('factoryId'), '/linkedServices/AzureBlobStorage1')]"
            ]
        },
        {
            "name": "[concat(parameters('factoryName'), '/Ds_covid_cases_death')]",
            "type": "Microsoft.DataFactory/factories/datasets",
            "apiVersion": "2018-06-01",
            "properties": {
                "linkedServiceName": {
                    "referenceName": "AzureDataLakeStorage1",
                    "type": "LinkedServiceReference"
                },
                "annotations": [],
                "type": "DelimitedText",
                "typeProperties": {
                    "location": {
                        "type": "AzureBlobFSLocation",
                        "fileName": "cases_deaths.csv",
                        "folderPath": "ecdc",
                        "fileSystem": "output"
                    },
                    "columnDelimiter": ",",
                    "escapeChar": "\\",
                    "firstRowAsHeader": true,
                    "quoteChar": "\""
                },
                "schema": [
                    {
                        "name": "country",
                        "type": "String"
                    },
                    {
                        "name": "country_code",
                        "type": "String"
                    },
                    {
                        "name": "continent",
                        "type": "String"
                    },
                    {
                        "name": "population",
                        "type": "String"
                    },
                    {
                        "name": "indicator",
                        "type": "String"
                    },
                    {
                        "name": "daily_count",
                        "type": "String"
                    },
                    {
                        "name": "date",
                        "type": "String"
                    },
                    {
                        "name": "rate_14_day",
                        "type": "String"
                    },
                    {
                        "name": "source",
                        "type": "String"
                    }
                ]
            },
            "dependsOn": [
                "[concat(variables('factoryId'), '/linkedServices/AzureDataLakeStorage1')]"
            ]
        },
        {
            "name": "[concat(parameters('factoryName'), '/ds_country_lookup')]",
            "type": "Microsoft.DataFactory/factories/datasets",
            "apiVersion": "2018-06-01",
            "properties": {
                "linkedServiceName": {
                    "referenceName": "AzureDataLakeStorage1",
                    "type": "LinkedServiceReference"
                },
                "annotations": [],
                "type": "DelimitedText",
                "typeProperties": {
                    "location": {
                        "type": "AzureBlobFSLocation",
                        "fileName": "country_lookup.csv",
                        "fileSystem": "lookup"
                    },
                    "columnDelimiter": ",",
                    "escapeChar": "\\",
                    "firstRowAsHeader": true,
                    "quoteChar": "\""
                },
                "schema": [
                    {
                        "name": "country",
                        "type": "String"
                    },
                    {
                        "name": "country_code_2_digit",
                        "type": "String"
                    },
                    {
                        "name": "country_code_3_digit",
                        "type": "String"
                    },
                    {
                        "name": "continent",
                        "type": "String"
                    },
                    {
                        "name": "population",
                        "type": "String"
                    }
                ]
            },
            "dependsOn": [
                "[concat(variables('factoryId'), '/linkedServices/AzureDataLakeStorage1')]"
            ]
        },
        {
            "name": "[concat(parameters('factoryName'), '/ds_cases_death')]",
            "type": "Microsoft.DataFactory/factories/datasets",
            "apiVersion": "2018-06-01",
            "properties": {
                "linkedServiceName": {
                    "referenceName": "AzureDataLakeStorage1",
                    "type": "LinkedServiceReference"
                },
                "annotations": [],
                "type": "DelimitedText",
                "typeProperties": {
                    "location": {
                        "type": "AzureBlobFSLocation",
                        "fileName": "cases_deaths.csv",
                        "fileSystem": "output"
                    },
                    "columnDelimiter": ",",
                    "escapeChar": "\\",
                    "firstRowAsHeader": true,
                    "quoteChar": "\""
                },
                "schema": [
                    {
                        "name": "country",
                        "type": "String"
                    },
                    {
                        "name": "country_code",
                        "type": "String"
                    },
                    {
                        "name": "continent",
                        "type": "String"
                    },
                    {
                        "name": "population",
                        "type": "String"
                    },
                    {
                        "name": "indicator",
                        "type": "String"
                    },
                    {
                        "name": "daily_count",
                        "type": "String"
                    },
                    {
                        "name": "date",
                        "type": "String"
                    },
                    {
                        "name": "rate_14_day",
                        "type": "String"
                    },
                    {
                        "name": "source",
                        "type": "String"
                    }
                ]
            },
            "dependsOn": [
                "[concat(variables('factoryId'), '/linkedServices/AzureDataLakeStorage1')]"
            ]
        },
        {
            "name": "[concat(parameters('factoryName'), '/ds_output_cases_deaths')]",
            "type": "Microsoft.DataFactory/factories/datasets",
            "apiVersion": "2018-06-01",
            "properties": {
                "linkedServiceName": {
                    "referenceName": "AzureDataLakeStorage1",
                    "type": "LinkedServiceReference"
                },
                "annotations": [],
                "type": "DelimitedText",
                "typeProperties": {
                    "location": {
                        "type": "AzureBlobFSLocation",
                        "folderPath": "ecdc/cases_and_deaths",
                        "fileSystem": "processed"
                    },
                    "columnDelimiter": ",",
                    "escapeChar": "\\",
                    "firstRowAsHeader": true,
                    "quoteChar": "\""
                },
                "schema": []
            },
            "dependsOn": [
                "[concat(variables('factoryId'), '/linkedServices/AzureDataLakeStorage1')]"
            ]
        },
        {
            "name": "[concat(parameters('factoryName'), '/Event1_Population_Trigger')]",
            "type": "Microsoft.DataFactory/factories/triggers",
            "apiVersion": "2018-06-01",
            "properties": {
                "annotations": [],
                "runtimeState": "Stopped",
                "pipelines": [
                    {
                        "pipelineReference": {
                            "referenceName": "CopyPipeline_jcr",
                            "type": "PipelineReference"
                        },
                        "parameters": {}
                    }
                ],
                "type": "BlobEventsTrigger",
                "typeProperties": {
                    "blobPathBeginsWith": "/coviddata/blobs/population_by_age.tsv",
                    "ignoreEmptyBlobs": true,
                    "scope": "[parameters('Event1_Population_Trigger_properties_typeProperties_scope')]",
                    "events": [
                        "Microsoft.Storage.BlobCreated"
                    ]
                }
            },
            "dependsOn": [
                "[concat(variables('factoryId'), '/pipelines/CopyPipeline_jcr')]"
            ]
        },
        {
            "name": "[concat(parameters('factoryName'), '/Schedule_trigger1')]",
            "type": "Microsoft.DataFactory/factories/triggers",
            "apiVersion": "2018-06-01",
            "properties": {
                "annotations": [],
                "runtimeState": "Started",
                "pipelines": [
                    {
                        "pipelineReference": {
                            "referenceName": "ECDC_Covid_pl",
                            "type": "PipelineReference"
                        },
                        "parameters": {}
                    }
                ],
                "type": "ScheduleTrigger",
                "typeProperties": {
                    "recurrence": {
                        "frequency": "Day",
                        "interval": 1,
                        "startTime": "2024-04-04T00:12:00",
                        "endTime": "2024-04-09T16:09:15",
                        "timeZone": "Central Standard Time",
                        "schedule": {}
                    }
                }
            },
            "dependsOn": [
                "[concat(variables('factoryId'), '/pipelines/ECDC_Covid_pl')]"
            ]
        },
        {
            "name": "[concat(parameters('factoryName'), '/Df_covid_Proj')]",
            "type": "Microsoft.DataFactory/factories/dataflows",
            "apiVersion": "2018-06-01",
            "properties": {
                "folder": {
                    "name": "Covid_DataFlows"
                },
                "type": "MappingDataFlow",
                "typeProperties": {
                    "sources": [
                        {
                            "dataset": {
                                "referenceName": "ds_cases_death",
                                "type": "DatasetReference"
                            },
                            "name": "source1"
                        },
                        {
                            "dataset": {
                                "referenceName": "ds_country_lookup",
                                "type": "DatasetReference"
                            },
                            "name": "source2"
                        }
                    ],
                    "sinks": [
                        {
                            "dataset": {
                                "referenceName": "ds_output_cases_deaths",
                                "type": "DatasetReference"
                            },
                            "name": "sink1",
                            "rejectedDataLinkedService": {
                                "referenceName": "AzureDataLakeStorage1",
                                "type": "LinkedServiceReference"
                            }
                        }
                    ],
                    "transformations": [
                        {
                            "name": "filter1"
                        },
                        {
                            "name": "select1"
                        },
                        {
                            "name": "pivot1"
                        },
                        {
                            "name": "lookup1"
                        },
                        {
                            "name": "select2"
                        }
                    ],
                    "scriptLines": [
                        "source(output(",
                        "          country as string,",
                        "          country_code as string,",
                        "          continent as string,",
                        "          population as string,",
                        "          indicator as string,",
                        "          daily_count as string,",
                        "          date as string,",
                        "          rate_14_day as string,",
                        "          source as string",
                        "     ),",
                        "     allowSchemaDrift: true,",
                        "     validateSchema: false,",
                        "     ignoreNoFilesFound: false) ~> source1",
                        "source(output(",
                        "          country as string,",
                        "          country_code_2_digit as string,",
                        "          country_code_3_digit as string,",
                        "          continent as string,",
                        "          population as string",
                        "     ),",
                        "     allowSchemaDrift: true,",
                        "     validateSchema: false,",
                        "     ignoreNoFilesFound: false) ~> source2",
                        "source1 filter(continent=='Europe' && not(isNull(country_code))) ~> filter1",
                        "filter1 select(mapColumn(",
                        "          country,",
                        "          country_code,",
                        "          population,",
                        "          indicator,",
                        "          daily_count,",
                        "          source,",
                        "          each(match(name=='date'),",
                        "               'report'+'_date' = $$)",
                        "     ),",
                        "     skipDuplicateMapInputs: true,",
                        "     skipDuplicateMapOutputs: true) ~> select1",
                        "select1 pivot(groupBy(country,",
                        "          country_code,",
                        "          population,",
                        "          source,",
                        "          report_date),",
                        "     pivotBy(indicator, ['confirmed cases', 'deaths']),",
                        "     count = sum(toInteger(daily_count)),",
                        "     columnNaming: '$V_$N',",
                        "     lateral: true) ~> pivot1",
                        "pivot1, source2 lookup(pivot1@country == source2@country,",
                        "     multiple: false,",
                        "     pickup: 'any',",
                        "     broadcast: 'auto')~> lookup1",
                        "lookup1 select(mapColumn(",
                        "          country = pivot1@country,",
                        "          country_code_2_digit,",
                        "          country_code_3_digit,",
                        "          population = pivot1@population,",
                        "          confirmed_cases_count = {confirmed cases_count},",
                        "          deaths_count,",
                        "          report_date,",
                        "          source",
                        "     ),",
                        "     skipDuplicateMapInputs: true,",
                        "     skipDuplicateMapOutputs: true) ~> select2",
                        "select2 sink(allowSchemaDrift: true,",
                        "     validateSchema: false,",
                        "     partitionFileNames:['processed_cases_and_death.csv'],",
                        "     truncate: true,",
                        "     umask: 0022,",
                        "     preCommands: [],",
                        "     postCommands: [],",
                        "     skipDuplicateMapInputs: true,",
                        "     skipDuplicateMapOutputs: true,",
                        "     partitionBy('hash', 1),",
                        "     format: 'parquet') ~> sink1"
                    ]
                }
            },
            "dependsOn": [
                "[concat(variables('factoryId'), '/datasets/ds_cases_death')]",
                "[concat(variables('factoryId'), '/datasets/ds_country_lookup')]",
                "[concat(variables('factoryId'), '/datasets/ds_output_cases_deaths')]",
                "[concat(variables('factoryId'), '/linkedServices/AzureDataLakeStorage1')]"
            ]
        }
    ]
}