{
    "$schema": "https://schema.management.azure.com/schemas/2015-01-01/deploymentParameters.json#",
    "contentVersion": "1.0.0.0",
    "parameters": {
        "factoryName": {
            "value": "CovidProjectTestDF"
        },
        "AzureBlobStorage1_connectionString": {
            "value": ""
        },
        "AzureDataLakeStorage1_accountKey": {
            "value": ""
        },
        "sample_ls_accountKey": {
            "value": ""
        },
        "AzureDataLakeStorage2_accountKey": {
            "value": ""
        },
        "AzureDataLakeStorage1_properties_typeProperties_url": {
            "value": "https://coviddatalakegen2.dfs.core.windows.net/"
        },
        "HttpServer1_properties_typeProperties_url": {
            "value": "@{linkedService().BaseUrl}"
        },
        "sample_ls_properties_typeProperties_url": {
            "value": "https://coviddatalakegen2.dfs.core.windows.net/"
        },
        "AzureDataLakeStorage2_properties_typeProperties_url": {
            "value": "https://coviddatalakegen2.dfs.core.windows.net/"
        },
        "Event1_Population_Trigger_properties_typeProperties_scope": {
            "value": "/subscriptions/7d80735f-7dbb-41ac-8db9-6c5237f5912b/resourceGroups/CovidProject/providers/Microsoft.Storage/storageAccounts/covidblobstorage01"
        }
    }
}